{
    "model": "Sellmeier 1",
    "label": "CaF2",
    "valid_range": [
        230e-9,
        9700e-9
    ],
    "coefficient_A": 1,
    "coefficients_B": [
        0.5675888,
        0.4710914,
        3.8484723
    ],
    "coefficients_C": [
        0.002526429987596025,
        0.010078332802810001,
        1200.5559729216
    ]
}