{
    "model": "Sellmeier 1",
    "label": "MgF2",
    "valid_range": [
        200e-9,
        7000e-9
    ],
    "coefficient_A": 1,
    "coefficients_B": [
        0.48755108,
        0.39875031,
        2.3120353
    ],
    "coefficients_C": [
        0.0018821783974463998,
        0.008951888471936401,
        566.135591308816
    ]
}